Call_Unnamed: 0,Call_OI,Call_CHNG IN OI,Call_VOLUME,Call_IV,Call_LTP,Call_CHNG,Call_BID QTY,Call_BID,Call_ASK,Call_ASK QTY,STRIKE,Put_BID QTY.1,Put_BID.1,Put_ASK.1,Put_ASK QTY.1,Put_CHNG.1,Put_LTP.1,Put_IV.1,Put_VOLUME.1,Put_CHNG IN OI.1,Put_OI.1,Put_Unnamed: 22
-,-,-,-,-,-,-,-,-,-,-,570.0,800,0.25,0.55,800,-,0.50,-,-,-,5,
,6,-,-,-,122.00,-,"2,400",203.80,228.00,"2,400",600.0,"10,400",0.15,0.90,"8,000",-,0.30,-,-,-,51,
-,-,-,-,-,-,-,-,-,-,-,620.0,"24,000",0.15,0.90,"4,000",-,0.95,-,-,-,48,
-,-,-,-,-,-,-,-,-,-,-,625.0,"16,000",0.25,0.90,800,-,0.55,-,-,-,1,
-,-,-,-,-,-,-,-,-,-,-,640.0,"24,000",0.15,1.50,800,-,0.30,-,-,-,3,
,3,-,-,-,129.70,-,"4,800",152.40,175.45,"2,400",650.0,"4,000",0.40,0.60,800,0.05,0.45,44.29,37,-24,267,
-,-,-,-,-,-,-,-,-,-,-,660.0,800,0.25,2.00,"4,000",-,0.80,-,-,-,27,
,-,-,-,-,-,-,"2,400",132.55,155.85,"2,400",670.0,"19,200",0.60,1.00,"4,800",-,0.60,-,-,-,68,
,-,-,-,-,-,-,"3,200",131.20,139.95,"2,400",680.0,800,0.70,0.95,800,-,0.75,-,-,-,80,
,1,-,-,-,144.00,-,"3,200",121.25,129.90,"2,400",690.0,"16,000",0.35,1.30,"4,000",0.05,0.90,38.07,11,-4,20,
-,-,-,-,-,-,-,-,-,-,-,695.0,"4,800",0.20,3.80,"3,200",-,1.20,-,-,-,13,
,94,-,6,-,113.50,-10.50,800,112.65,116.45,"1,600",700.0,"1,600",1.10,1.15,"4,000",0.05,1.15,36.96,443,-111,817,
,1,-,-,-,53.95,-,"3,200",106.35,115.40,"3,200",705.0,800,0.40,3.90,"32,000",-,4.00,-,-,-,5,
,-,-,-,-,-,-,"2,400",101.00,110.85,"2,400",710.0,800,1.10,2.00,800,-0.25,1.05,33.52,7,1,73,
,3,-,-,-,69.35,-,"3,200",96.45,104.05,"5,600",715.0,-,-,-,-,-,-,-,-,-,-,-
,6,-,-,-,107.50,-,"2,400",92.40,98.75,"3,200",720.0,800,1.40,1.55,800,-0.10,1.40,32.57,24,-4,251,
,3,-,-,-,46.65,-,"2,400",87.10,91.90,800,725.0,"1,600",1.50,1.75,"3,200",-0.20,1.70,32.46,21,6,40,
,18,-,-,-,107.80,-,"2,400",82.80,89.15,"3,200",730.0,800,1.75,1.90,800,-0.10,1.80,31.37,70,-18,228,
,3,-,-,-,44.00,-,800,77.65,84.00,"3,200",735.0,"1,600",1.25,2.25,800,-0.05,2.10,30.98,6,-3,11,
,68,2,7,-,74.20,-17.95,"1,600",74.90,79.50,"3,200",740.0,"1,600",2.30,2.45,"1,600",-,2.40,30.44,164,-17,322,
,6,-,-,-,66.95,-,"2,400",68.25,75.15,"3,200",745.0,800,2.55,2.75,800,-0.45,2.65,29.61,30,6,32,
,245,11,71,18.11,65.50,-12.50,"1,600",65.35,67.95,800,750.0,800,3.00,3.20,"1,600",0.10,3.10,29.26,248,-1,725,
,23,1,21,20.98,61.25,-35.75,"5,600",59.35,66.00,"3,200",755.0,800,3.45,3.65,800,0.20,3.70,29.10,53,20,76,
,188,-11,183,19.65,56.30,-11.55,800,56.80,58.50,"2,400",760.0,"1,600",4.05,4.25,"1,600",0.45,4.35,28.85,445,-19,283,
,59,-1,19,23.57,53.10,-18.80,"2,400",50.60,56.95,"4,000",765.0,800,4.65,4.85,800,0.50,4.80,27.99,121,-7,93,
,174,-36,146,23.20,48.70,-10.10,"2,400",48.70,51.00,800,770.0,800,5.40,5.60,"1,600",0.55,5.75,27.98,255,15,257,
,52,-3,7,25.83,45.95,-7.60,"8,000",42.20,49.65,"3,200",775.0,"24,000",5.45,7.55,800,0.90,6.75,27.82,46,4,66,
,208,3,121,24.67,41.45,-9.40,800,39.70,43.85,800,780.0,"24,000",6.35,8.00,"3,200",0.70,7.50,27.02,325,48,518,
,38,-,-,-,45.90,-,"3,200",34.50,42.10,"2,400",785.0,"24,000",7.20,10.15,800,2.75,9.10,27.40,41,4,13,
,60,-2,39,23.70,33.55,-9.45,800,33.25,36.90,"1,600",790.0,800,10.05,10.85,800,1.25,10.10,26.61,112,-6,112,
,75,-,1,37.47,40.05,2.75,"2,400",27.30,35.45,"3,200",795.0,"24,000",10.10,13.50,"1,600",1.60,11.70,26.49,88,-5,34,
,535,-8,243,24.16,27.30,-7.85,"2,400",26.95,28.60,800,800.0,800,12.90,14.15,"2,400",2.30,13.85,26.89,772,-15,491,
,21,-2,44,23.66,23.95,-13.40,"17,600",22.10,28.90,"1,600",805.0,"24,000",13.60,17.80,"16,000",3.35,16.20,27.27,119,-6,64,
,75,-1,218,23.50,21.05,-7.90,800,22.40,22.95,800,810.0,"1,600",17.65,19.25,"1,600",2.85,17.90,26.56,434,-23,140,
,36,-4,110,25.19,19.80,-6.15,800,18.90,19.95,800,815.0,"24,000",17.45,21.95,"1,600",3.60,20.35,26.58,141,-7,57,
,444,69,567,25.90,18.00,-5.00,800,17.40,18.00,"6,400",820.0,"1,600",20.80,23.85,"1,600",4.20,23.40,27.13,608,-9,156,
,107,-11,323,24.27,14.60,-5.95,800,14.65,16.20,"1,600",825.0,800,23.15,27.00,800,5.50,27.00,28.16,257,-4,105,
,267,-9,602,25.46,13.55,-4.50,"3,200",13.20,15.20,800,830.0,"5,600",26.50,30.90,"4,000",5.75,29.95,28.13,180,-13,101,
,147,-1,174,24.66,11.20,-4.80,800,11.20,13.55,800,835.0,800,32.00,33.75,800,5.30,32.25,26.98,60,-21,80,
,353,12,509,25.69,10.35,-3.70,800,9.05,12.35,"2,400",840.0,800,34.15,36.80,800,5.95,36.00,27.56,43,-1,82,
,99,10,112,25.89,9.05,-3.30,800,8.40,10.50,800,845.0,"3,200",36.10,42.55,"2,400",3.50,36.80,23.54,10,1,16,
,906,233,939,25.94,7.80,-2.90,800,7.75,8.00,800,850.0,"4,000",40.85,45.85,"2,400",6.60,43.20,27.69,39,-14,114,
,37,-,25,26.00,6.70,-2.75,800,5.60,8.15,800,855.0,800,46.40,50.15,800,10.20,48.00,29.34,9,-6,4,
,404,-44,354,26.19,5.80,-2.20,800,5.60,5.80,800,860.0,"3,200",48.65,54.65,"2,400",-,44.00,-,-,-,30,
,76,10,73,25.87,4.75,-2.15,800,4.85,5.20,800,865.0,"2,400",51.95,58.70,"2,400",-,47.90,-,-,-,4,
,307,5,268,26.10,4.10,-1.90,"1,600",4.15,4.35,"1,600",870.0,"3,200",56.55,63.00,"3,200",12.00,54.00,-,6,-,13,
,154,27,212,26.71,3.70,-1.50,"1,600",3.60,3.80,800,875.0,"3,200",60.70,67.40,"4,800",-,52.95,-,-,-,6,
,525,77,266,26.82,3.15,-1.25,"1,600",3.05,3.25,"2,400",880.0,"2,400",65.05,71.90,"2,400",-,49.15,-,-,-,2,
,35,32,32,29.69,3.75,-0.10,"24,000",1.95,3.45,"16,000",885.0,"3,200",69.70,77.25,"2,400",-,-,-,-,-,-,
,295,14,156,27.32,2.35,-0.90,800,2.20,2.45,"1,600",890.0,"3,200",74.25,81.00,"2,400",-,-,-,-,-,-,
,1,-,-,-,3.40,-,"4,000",0.75,4.10,"32,000",895.0,"2,400",76.75,87.70,"2,400",-,-,-,-,-,-,
,651,130,550,27.80,1.75,-0.70,"2,400",1.75,1.90,"2,400",900.0,"6,400",83.65,90.45,"5,600",9.15,87.15,32.24,3,2,8,
,24,5,5,28.79,1.70,-0.30,800,1.40,1.65,800,905.0,"3,200",88.40,95.10,"2,400",-,-,-,-,-,-,
,102,-4,67,28.28,1.30,-0.60,"4,800",1.35,1.45,"1,600",910.0,"3,200",93.15,100.00,"2,400",-,-,-,-,-,-,
,-,-,-,-,-,-,800,0.50,2.75,"32,000",915.0,"3,200",98.10,105.90,"2,400",-,-,-,-,-,-,
,169,9,244,29.48,1.10,-0.25,"1,600",0.95,1.10,"3,200",920.0,"2,400",100.75,109.55,"2,400",-,-,-,-,-,-,
,1,-,-,-,2.00,-,"16,000",0.40,2.10,"4,800",925.0,"2,400",105.40,115.10,"2,400",-,-,-,-,-,-,
,367,126,353,28.74,0.65,-0.45,800,0.55,0.75,"1,600",930.0,"5,600",112.30,121.20,"2,400",-,-,-,-,-,-,
,11,11,11,30.65,0.65,-0.35,"8,000",0.20,0.65,800,940.0,"2,400",120.25,128.75,"2,400",-,-,-,-,-,-,
,-,-,-,-,-,-,"1,600",0.25,1.45,"8,000",950.0,"2,400",130.50,139.40,"5,600",-,-,-,-,-,-,
